M01	Does a snapshot replace an independent backup and preserved evidence?	No: each has a different purpose and may have a different failure domain.	Yes: every snapshot preserves all evidence forever.	Yes: restoring a snapshot cannot affect evidence.
M02	Why can visually identical text have different hashes?	Encoding, byte-order marks or line endings can change the underlying bytes.	A changed hash always proves an incident.	A hash ignores all encoding differences.
M03	Why can a service continue after the terminal closes?	Its lifecycle may be managed independently of that interactive session.	Closing Terminal stops every process on the computer.	Only applications with visible windows can run.
M04	Why can a command behave differently in a scheduled task?	Identity, PATH, working directory and environment may differ.	Scheduled tasks always inherit every interactive variable.	The only possible cause is insufficient CPU speed.
M05	What should be verified when copying a file for preservation?	Content and relevant metadata, because a content hash does not verify all properties.	Only the filename extension.	Only that the destination icon looks the same.
M06	How should an exact domain indicator be matched?	Parse the intended field and compare the normalized value under explicit rules.	Search for any substring that resembles the domain.	Treat all longer names as the same domain.
M07	Why might access fail despite apparently correct rwx bits?	Parent traversal, ACL masks, identity and additional controls also affect access.	Visible mode bits are the only possible control.	Every permission error requires global write access.
M08	Are an active service and a boot-enabled service the same state?	No: current execution and startup policy are different.	Yes: enabled always means running.	Yes: a running service must start at boot.
M09	What establishes that a backup meets a recovery target?	A usable restoration with measured duration and data loss.	The existence of any recent archive.	The backup filename alone.
M10	DNS resolves but the web request fails. What next?	Distinguish routing, transport, TLS and application behavior with bounded checks.	Disable every firewall rule.	Conclude that DNS must still be the only problem.
M11	Does Bash set -e handle every error uniformly?	No: understand its contexts and explicitly test failure behavior.	Yes: no other checks are needed.	Yes: it validates every input path automatically.
M12	Does dry-run alone guarantee a safe automation?	No: verify its code paths, validation and indirect effects with tests.	Yes: any script containing that flag is safe.	Yes: a preview automatically provides rollback.
M13	Does a familiar executable name establish trust?	No: correlate location, provenance, identity and process context.	Yes: filenames cannot be imitated.	Yes: a familiar icon is sufficient evidence.
M14	Does every nonzero robocopy return code mean the same failure?	No: interpret the producing utility's documented code semantics.	Yes: all programs use identical return codes.	No return code should ever be checked.
M15	Why can a BAT variable retain an earlier value inside a block?	Parse-time and delayed expansion have different semantics.	BAT variables are always immutable.	The directory must be encrypted.
M16	Why should Format-Table not precede a data export?	It changes the pipeline to formatting data rather than the original objects.	It guarantees preservation of every original property.	It automatically encrypts the exported data.
M17	Does WhatIf provide automatic rollback?	No: preview and restoration are different capabilities.	Yes: every PowerShell command is reversible.	Yes: no prior-state copy is necessary.
M18	Does encryption authorize every remote administrative action?	No: transport protection, identity and authorization are separate controls.	Yes: encrypted sessions have unlimited rights.	Yes: the destination needs no identity verification.
M19	What can a missing expected event mean?	Audit configuration, access, retention or collection gaps may limit visibility.	The activity definitely never occurred.	The entire system is certainly healthy.
M20	Do identical content hashes prove equal ACLs and attributes?	No: relevant metadata must be verified separately.	Yes: a content hash includes every filesystem property.	Yes: different copy tools preserve everything identically.
M21	What must be checked when porting Bash from Linux to macOS?	Interpreter/version, GNU/BSD options, installed tools and execution context.	Only the color of the terminal.	Nothing: all Unix shells and tools are identical.
M22	Why can a launchd task fail while its manual run succeeds?	Domain, identity, absolute paths, environment and permissions may differ.	Every launchd task inherits the open terminal's environment.	A task must always have full administrative access.
M23	How should a macOS access denial be approached?	Inspect filesystem permissions, ACLs and relevant privacy authorization.	Disable all platform protections.	Assume Full Disk Access is always necessary.
M24	Does a bastion authorize all traffic to every connected segment?	No: identities, destinations, purposes and allowed flows remain constrained.	Yes: any reachable host is automatically in scope.	Yes: onward access needs no audit.
M25	Does an answering HTTPS port establish a healthy application?	No: validate trust, HTTP behavior and a meaningful application response.	Yes: a TCP connection proves every dependency works.	Yes: certificate names never matter.
M26	Does container packaging alone establish safe isolation?	No: host interfaces, privileges, mounts and network exposure must be reviewed.	Yes: every container is a fully independent kernel.	Yes: management sockets are harmless data files.
M27	Do equal normalized timestamps prove simultaneous actions?	No: source resolution, drift and collection delay can limit ordering.	Yes: normalization creates exact timing knowledge.	Yes: original time zones can always be discarded.
M28	Does an account name in a log prove who physically performed an action?	No: corroboration is required and attribution limits must be stated.	Yes: one account name is complete personal attribution.	Yes: no alternative hypothesis is possible.
M29	What should follow a single indicator match?	Check type, validity, field semantics, context and corroboration.	Automatically declare a confirmed compromise.	Ignore provenance and expiry.
M30	Does an excessive permission prove it was used improperly?	No: describe the observed condition and separate possible impact from evidence.	Yes: every misconfiguration proves exploitation.	Yes: risk and observed incident are identical.
M31	Can a valid JSON model response still be wrong?	Yes: structure and reference checks do not prove the conclusion is supported.	No: schema validation proves truth.	No: the model is its own independent verifier.
M32	What demonstrates an operable capstone?	Reproduction by another person, meaningful checks, proportional evidence and recovery.	Screenshots alone with no runbook.	The number of tools mentioned in the report.
